{
  "type": "RCSCANPolarCode",
  "codeword_length": 2048,
  "info_length": 1024,
  "design_snr": 0.0,
  "is_systematic": true,
  "is_crc_aided": false,
  "polar_mask": "00000000000000000000000000000000000000000000000000000000000000000000000000000000000000000000000000000000000000000000000000000000000000000000000000000000000000000000000000000000000000000000000000000000000000000000000000000000000000000000000000000000000000010000000000000000000000000000000000000000000000000000000000000000000000000000000000000000000000000000000000000000000000000000000100000000000000000000000000000000000000000000000000000000000101110000000000000000000000010001011100000001001111110111111111111111000000000000000000000000000000000000000000000000000000000000000000000000000000000000000000000000000000000000000000000001000101110000000000000000000000000000000000000000000000010000000100111111000000000000001100010111011111110001011101111111011111111111111100000000000000000000000000000001000000000000011100010111011111110000000100010111000101111111111100111111111111111111111111111111000000010001111101111111111111110111111111111111111111111111111101111111111111111111111111111111111111111111111111111111111111110000000000000000000000000000000000000000000000000000000000000001000000000000000000000000000000010000000000000011000101110111111100000000000000000000000000000111000000010001011100010111011111110000000100010111001111111111111101111111111111111111111111111111000000000000000100000001000101110000000100111111011111111111111100000111011111110111111111111111011111111111111111111111111111110001011101111111011111111111111101111111111111111111111111111111111111111111111111111111111111111111111111111111111111111111111100000000000000010000011101111111000101110111111101111111111111110001011101111111011111111111111111111111111111111111111111111111000101111111111111111111111111111111111111111111111111111111111111111111111111111111111111111111111111111111111111111111111111110011111111111111111111111111111111111111111111111111111111111111111111111111111111111111111111111111111111111111111111111111111111111111111111111111111111111111111111111111111111111111111111111111111111111111111111111111111111111111111111111111111111111111",
  "extra_params": {
    "iterations": 4
  },
  "bit_error_rate": {
    "-1": 0.0,
    "0.0": 0.2033162109375,
    "0.5": 0.17877802734375,
    "1.0": 0.10010556640625,
    "1.5": 0.01819541015625,
    "2.0": 0.0010361328125,
    "2.5": 6.07421875e-05,
    "3.0": 5.6640625e-06,
    "3.5": 1.46484375e-06,
    "4.0": 0.0
  },
  "frame_error_rate": {
    "-1": 0.0,
    "0.0": 1.0,
    "0.5": 0.9952,
    "1.0": 0.8224,
    "1.5": 0.2749,
    "2.0": 0.0321,
    "2.5": 0.0035,
    "3.0": 0.0005,
    "3.5": 0.0001,
    "4.0": 0.0
  },
  "messages": 10000
}