{
  "type": "RCSCANPolarCode",
  "codeword_length": 2048,
  "info_length": 512,
  "design_snr": 0.0,
  "is_systematic": true,
  "is_crc_aided": false,
  "polar_mask": "00000000000000000000000000000000000000000000000000000000000000000000000000000000000000000000000000000000000000000000000000000000000000000000000000000000000000000000000000000000000000000000000000000000000000000000000000000000000000000000000000000000000000000000000000000000000000000000000000000000000000000000000000000000000000000000000000000000000000000000000000000000000000000000000000000000000000000000000000000000000000000000000000000000000000000000000000000000000000000000000000000000000000000000000000000011000000000000000000000000000000000000000000000000000000000000000000000000000000000000000000000000000000000000000000000000000000000000000000000000000000000000000000000000000000000000000000000000000000000000000000000000000000010000000000000001000000010001011100000000000000000000000000000000000000000000000000000000000000010000000000000000000000000000000100000000000000010000000100111111000000000000000000000000000000010000000100010111000101110111111100000001000101110001011101111111000101110111111101111111111111110000000000000000000000000000000000000000000000000000000000000000000000000000000000000000000000000000000000000000000000000000000100000000000000000000000000000000000000000000000000000000000000010000000000000000000000000000000100000000000101110001011101111111000000000000000000000000000000000000000000000000000000000001011100000000000000010000000100010111000000010001011100010111011111110000000000000001000000010001011100000001000101110001011101111111000000010001011100010111011111110001011101111111011111111111111100000000000000000000000000000001000000000000000100000001000101110000000000000001000000010001011100000001000101110001011101111111000000000000000100000001000101110000000100011111011111111111111100000111011111110111111111111111011111111111111111111111111111110000000000000001000001110111111100010111011111110111111111111111000101110111111101111111111111110111111111111111111111111111111100010111011111110111111111111111011111111111111111111111111111110111111111111111111111111111111111111111111111111111111111111111",
  "extra_params": {
    "iterations": 1
  },
  "bit_error_rate": {
    "-1": 0.0,
    "0.0": 0.25869296875,
    "0.5": 0.2014337890625,
    "1.0": 0.108839453125,
    "1.5": 0.03341796875,
    "2.0": 0.005450390625,
    "2.5": 0.000408203125,
    "3.0": 1.640625e-05,
    "3.5": 0.0,
    "4.0": 0.0
  },
  "frame_error_rate": {
    "-1": 0.0,
    "0.0": 0.9987,
    "0.5": 0.9552,
    "1.0": 0.6925,
    "1.5": 0.289,
    "2.0": 0.0564,
    "2.5": 0.0056,
    "3.0": 0.0004,
    "3.5": 0.0,
    "4.0": 0.0
  },
  "messages": 10000
}