{
  "type": "RCSCANPolarCode",
  "codeword_length": 2048,
  "info_length": 1536,
  "design_snr": 0.0,
  "is_systematic": true,
  "is_crc_aided": false,
  "polar_mask": "00000000000000000000000000000000000000000000000000000000000000000000000000000000000000000000000000000000000000000000000000000011000000000000000000000000000000000000000000000000000000000000011100000000000000000000000100010111000000010001011100011111111111110000000000000000000000000000000100000000000000010000000100010111000000000000000100000001000101110000000101111111011111111111111100000000000000010000011101111111000101110111111111111111111111110001011111111111111111111111111111111111111111111111111111111111000000000000000000000000000000010000000000000001000000110111111100000000000001110001011101111111000101111111111111111111111111110000000100010111000111111111111101111111111111111111111111111111011111111111111111111111111111111111111111111111111111111111111100000011011111110111111111111111011111111111111111111111111111111111111111111111111111111111111111111111111111111111111111111111111111111111111111111111111111111111111111111111111111111111111111111111111111111111111111111111111111111111111111111111111111110000000000000000000000010001011100000001000101110001111111111111000000010011111101111111111111110111111111111111111111111111111100010111011111110111111111111111111111111111111111111111111111111111111111111111111111111111111111111111111111111111111111111111000111111111111111111111111111111111111111111111111111111111111111111111111111111111111111111111111111111111111111111111111111111111111111111111111111111111111111111111111111111111111111111111111111111111111111111111111111111111111111111111111111111111111101111111111111111111111111111111111111111111111111111111111111111111111111111111111111111111111111111111111111111111111111111111111111111111111111111111111111111111111111111111111111111111111111111111111111111111111111111111111111111111111111111111111111111111111111111111111111111111111111111111111111111111111111111111111111111111111111111111111111111111111111111111111111111111111111111111111111111111111111111111111111111111111111111111111111111111111111111111111111111111111111111111111111111111111111111111",
  "extra_params": {
    "iterations": 4
  },
  "bit_error_rate": {
    "-1": 0.0,
    "0.0": 0.12694420572916668,
    "0.5": 0.11548932291666666,
    "1.0": 0.10496920572916667,
    "1.5": 0.09319342447916666,
    "2.0": 0.066490234375,
    "2.5": 0.018289388020833332,
    "3.0": 0.0019571614583333333,
    "3.5": 0.00022096354166666667,
    "4.0": 3.4375e-05
  },
  "frame_error_rate": {
    "-1": 0.0,
    "0.0": 1.0,
    "0.5": 1.0,
    "1.0": 1.0,
    "1.5": 0.9999,
    "2.0": 0.9728,
    "2.5": 0.5989,
    "3.0": 0.1705,
    "3.5": 0.0373,
    "4.0": 0.0075
  },
  "messages": 10000
}