{
  "type": "RCSCANPolarCode",
  "codeword_length": 2048,
  "info_length": 512,
  "design_snr": 0.0,
  "is_systematic": true,
  "is_crc_aided": false,
  "polar_mask": "00000000000000000000000000000000000000000000000000000000000000000000000000000000000000000000000000000000000000000000000000000000000000000000000000000000000000000000000000000000000000000000000000000000000000000000000000000000000000000000000000000000000000000000000000000000000000000000000000000000000000000000000000000000000000000000000000000000000000000000000000000000000000000000000000000000000000000000000000000000000000000000000000000000000000000000000000000000000000000000000000000000000000000000000000000011000000000000000000000000000000000000000000000000000000000000000000000000000000000000000000000000000000000000000000000000000000000000000000000000000000000000000000000000000000000000000000000000000000000000000000000000000000010000000000000001000000010001011100000000000000000000000000000000000000000000000000000000000000010000000000000000000000000000000100000000000000010000000100111111000000000000000000000000000000010000000100010111000101110111111100000001000101110001011101111111000101110111111101111111111111110000000000000000000000000000000000000000000000000000000000000000000000000000000000000000000000000000000000000000000000000000000100000000000000000000000000000000000000000000000000000000000000010000000000000000000000000000000100000000000101110001011101111111000000000000000000000000000000000000000000000000000000000001011100000000000000010000000100010111000000010001011100010111011111110000000000000001000000010001011100000001000101110001011101111111000000010001011100010111011111110001011101111111011111111111111100000000000000000000000000000001000000000000000100000001000101110000000000000001000000010001011100000001000101110001011101111111000000000000000100000001000101110000000100011111011111111111111100000111011111110111111111111111011111111111111111111111111111110000000000000001000001110111111100010111011111110111111111111111000101110111111101111111111111110111111111111111111111111111111100010111011111110111111111111111011111111111111111111111111111110111111111111111111111111111111111111111111111111111111111111111",
  "extra_params": {
    "iterations": 4
  },
  "bit_error_rate": {
    "-1": 0.0,
    "0.0": 0.31150234375,
    "0.5": 0.2704767578125,
    "1.0": 0.1564134765625,
    "1.5": 0.0457400390625,
    "2.0": 0.005834375,
    "2.5": 0.000428125,
    "3.0": 1.9140625e-05,
    "3.5": 0.0,
    "4.0": 0.0
  },
  "frame_error_rate": {
    "-1": 0.0,
    "0.0": 0.9944,
    "0.5": 0.9183,
    "1.0": 0.5959,
    "1.5": 0.2043,
    "2.0": 0.0316,
    "2.5": 0.003,
    "3.0": 0.0001,
    "3.5": 0.0,
    "4.0": 0.0
  },
  "messages": 10000
}