{
  "type": "RCSCANPolarCode",
  "codeword_length": 2048,
  "info_length": 1024,
  "design_snr": 0.0,
  "is_systematic": true,
  "is_crc_aided": false,
  "polar_mask": "00000000000000000000000000000000000000000000000000000000000000000000000000000000000000000000000000000000000000000000000000000000000000000000000000000000000000000000000000000000000000000000000000000000000000000000000000000000000000000000000000000000000000010000000000000000000000000000000000000000000000000000000000000000000000000000000000000000000000000000000000000000000000000000000100000000000000000000000000000000000000000000000000000000000101110000000000000000000000010001011100000001001111110111111111111111000000000000000000000000000000000000000000000000000000000000000000000000000000000000000000000000000000000000000000000001000101110000000000000000000000000000000000000000000000010000000100111111000000000000001100010111011111110001011101111111011111111111111100000000000000000000000000000001000000000000011100010111011111110000000100010111000101111111111100111111111111111111111111111111000000010001111101111111111111110111111111111111111111111111111101111111111111111111111111111111111111111111111111111111111111110000000000000000000000000000000000000000000000000000000000000001000000000000000000000000000000010000000000000011000101110111111100000000000000000000000000000111000000010001011100010111011111110000000100010111001111111111111101111111111111111111111111111111000000000000000100000001000101110000000100111111011111111111111100000111011111110111111111111111011111111111111111111111111111110001011101111111011111111111111101111111111111111111111111111111111111111111111111111111111111111111111111111111111111111111111100000000000000010000011101111111000101110111111101111111111111110001011101111111011111111111111111111111111111111111111111111111000101111111111111111111111111111111111111111111111111111111111111111111111111111111111111111111111111111111111111111111111111110011111111111111111111111111111111111111111111111111111111111111111111111111111111111111111111111111111111111111111111111111111111111111111111111111111111111111111111111111111111111111111111111111111111111111111111111111111111111111111111111111111111111111",
  "extra_params": {
    "iterations": 1
  },
  "bit_error_rate": {
    "-1": 0.0,
    "0.0": 0.17665771484375,
    "0.5": 0.132566796875,
    "1.0": 0.0656529296875,
    "1.5": 0.0132060546875,
    "2.0": 0.00121201171875,
    "2.5": 7.431640625e-05,
    "3.0": 4.58984375e-06,
    "3.5": 0.0,
    "4.0": 0.0
  },
  "frame_error_rate": {
    "-1": 0.0,
    "0.0": 1.0,
    "0.5": 0.9982,
    "1.0": 0.8816,
    "1.5": 0.3885,
    "2.0": 0.0686,
    "2.5": 0.0059,
    "3.0": 0.0006,
    "3.5": 0.0,
    "4.0": 0.0
  },
  "messages": 10000
}